{
  "keys_present": 0,
  "ping_ms": [
    603.477100007236,
    418.0216999948025,
    418.3597000017762,
    420.9324999973178,
    414.68689999729395,
    429.3977000042796,
    437.1900999993086,
    434.00600000470877,
    429.7436000034213,
    429.344600006938
  ],
  "ping_p95_ms": 603.477100007236,
  "time_ms": [
    413.6625999957323,
    425.89500000327826,
    417.3394000008702,
    423.9459000006318,
    431.9488000050187,
    442.8234999999404,
    438.30179999768734,
    429.7254999950528,
    440.2175000011921,
    442.53570000082254
  ],
  "time_p95_ms": 442.8234999999404,
  "clock_skew_ms": -196
}