{
  "samples": 60,
  "conc": 10,
  "ttl_ms": 1000,
  "direct": {
    "p50": 152.31139999628067,
    "p95": 397.9730000048876
  },
  "proxy": {
    "p50": 14.58049999922514,
    "p95": 151.1561999991536
  },
  "improvement_pct": 62.01847864118992
}