{
  "n": 5,
  "http_status": 200,
  "api_latency_ms": [
    738.6909999996424,
    353.79879999905825,
    651.9412000030279,
    666.3592999987304,
    378.3353000022471
  ],
  "api_latency_p95_ms": 738.6909999996424,
  "schema_ok": 1
}